id_procedimento;id_repetido;tipo_procedimento;promotoria;area;assunto;municipio;data_abertura;ano_abertura;mes_abertura;mes_ano_abertura;dias_em_aberto;data_ultima_movimentacao;quantidade_movimentacoes;dias_sem_movimentacao;faixa_tempo_parado;prazo_dias;prazo_calculado_dias;data_limite;dias_para_prazo;prazo_vencido;prazo_vencido_ativo;prazo_proximo;faixa_prazo;situacao;setor_responsavel;prioridade;flag_id_invalido;flag_mov_antes_abertura;flag_limite_antes_abertura;flag_prazo_incoerente;flag_prazo_sem_data_limite;flag_data_limite_sem_prazo;flag_movimentacao_negativa;flag_zero_mov_com_data;flag_categoria_inconsistente;flag_data_futura;possui_inconsistencia;score_atencao;nivel_atencao
PROC-2025-0133;False;Procedimento Preparatório;2ª Promotoria de Justiça;Patrimônio Público;Contrato Administrativo;Nova Iguaçu;2025-12-25;2025.0;12.0;2025-12;286.0;2026-08-22;11;46.0;31 a 60 dias;10;10.0;2026-01-04;-276.0;True;False;False;Vencido;Arquivado;Assessoria Jurídica;Normal;False;False;False;False;False;False;False;False;False;False;False;0;Normal
PROC-2025-0149;False;Procedimento Administrativo;Promotoria de Tutela Coletiva;Consumidor;Serviço Não Prestado;São Gonçalo;2025-05-18;2025.0;5.0;2025-05;507.0;2025-10-28;9;344.0;Mais de 60 dias;;5.0;2025-05-23;-502.0;True;True;False;Vencido;Em Andamento;Assessoria Jurídica;Alta;False;False;False;False;False;True;False;False;False;False;True;7;Crítico
PROC-2025-0094;False;Notícia de Fato;Promotoria de Educação;Educação;Estrutura Escolar Inadequada;Cabo Frio;2025-11-26;2025.0;11.0;2025-11;315.0;2026-02-21;9;228.0;Mais de 60 dias;15;15.0;2025-12-11;-300.0;True;True;False;Vencido;Suspenso;Central de Apoio;Alta;False;False;False;False;False;False;False;False;False;False;False;7;Crítico
PROC-2026-0181;False;Verificar Inconsistência da Base;Promotoria de Tutela Coletiva;Urbanismo;Uso Irregular do Solo;Nova Iguaçu;2026-04-03;2026.0;4.0;2026-04;187.0;2026-03-25;5;196.0;Mais de 60 dias;5;196.0;2026-10-16;9.0;False;False;True;De 8 a 30 dias;Arquivado;Núcleo Técnico;Normal;False;True;False;True;False;False;False;False;True;False;True;3;Atenção
Verificar Inconsistência da Base;True;Notícia de Fato;Promotoria de Tutela Coletiva;Verificar Inconsistência da Base;Cobrança em Duplicidade;Volta Redonda;2024-12-10;2024.0;12.0;2024-12;666.0;2025-02-12;5;602.0;Mais de 60 dias;120;120.0;2025-04-09;-546.0;True;True;False;Vencido;Em Andamento;Central de Apoio;Alta;True;False;False;False;False;False;False;False;True;False;True;7;Crítico
PROC-2026-0039;False;Procedimento Administrativo;Promotoria de Tutela Coletiva;Infância e Juventude;Evasão Escolar;Petrópolis;2026-05-18;2026.0;5.0;2026-05;142.0;2026-05-22;2;138.0;Mais de 60 dias;30;30.0;2026-06-17;-112.0;True;True;False;Vencido;Aguardando Manifestação;Assessoria Jurídica;Normal;False;False;False;False;False;False;False;False;False;False;False;5;Atenção
PROC-2026-0173;False;Representação;3ª Promotoria de Justiça;Infância e Juventude;Proteção de Criança e Adolescente;Cabo Frio;;;;;;2026-08-06;6;62.0;Mais de 60 dias;10;;2026-04-10;-180.0;True;True;False;Vencido;Em Análise;Gabinete;Baixa;False;False;False;False;False;False;False;False;False;False;False;5;Atenção
PROC-2024-0210;False;Procedimento Administrativo;Promotoria de Tutela Coletiva;Consumidor;Falha no Atendimento ao Consumidor;Maricá;2024-12-01;2024.0;12.0;2024-12;675.0;2025-07-30;15;434.0;Mais de 60 dias;10;10.0;2024-12-11;-665.0;True;True;False;Vencido;Em Andamento;Gabinete;Alta;False;False;False;False;False;False;False;False;False;False;False;7;Crítico
PROC-2024-0076;False;Inquérito Civil;Promotoria de Tutela Coletiva;Infância e Juventude;Evasão Escolar;Itaboraí;2024-12-13;2024.0;12.0;2024-12;663.0;2025-03-07;8;579.0;Mais de 60 dias;5;5.0;2024-12-18;-658.0;True;True;False;Vencido;Em Andamento;Setor Administrativo;Normal;False;False;False;False;False;False;False;False;False;False;False;5;Atenção
PROC-2026-0143;False;Notícia de Fato;3ª Promotoria de Justiça;Cidadania;Acesso a Documento Público;São Gonçalo;2026-08-09;2026.0;8.0;2026-08;59.0;2026-09-17;5;20.0;16 a 30 dias;45;45.0;2026-09-23;-14.0;True;True;False;Vencido;Em Andamento;Setor Administrativo;Alta;False;False;False;False;False;False;False;False;False;False;False;5;Atenção
PROC-2026-0101;False;Notícia de Fato;3ª Promotoria de Justiça;Cidadania;Falta de Informação ao Cidadão;Verificar Inconsistência da Base;2026-03-28;2026.0;3.0;2026-03;193.0;2026-06-05;4;124.0;Mais de 60 dias;120;120.0;2026-07-26;-73.0;True;True;False;Vencido;Em Análise;Assessoria Jurídica;Alta;False;False;False;False;False;False;False;False;True;False;True;7;Crítico
PROC-2025-0031;False;Procedimento de Acompanhamento;Promotoria de Defesa do Consumidor;Consumidor;Falha no Atendimento ao Consumidor;Petrópolis;2025-03-09;2025.0;3.0;2025-03;577.0;2025-07-31;15;433.0;Mais de 60 dias;30;30.0;2025-04-08;-547.0;True;True;False;Vencido;Em Andamento;Setor Administrativo;Alta;False;False;False;False;False;False;False;False;False;False;False;7;Crítico
PROC-2025-0191;False;Representação;Promotoria de Meio Ambiente;Urbanismo;Construção sem Licença;Cabo Frio;2025-09-16;2025.0;9.0;2025-09;386.0;2026-03-16;3;205.0;Mais de 60 dias;120;120.0;2026-01-14;-266.0;True;False;False;Vencido;Encerrado;Gabinete;Normal;False;False;False;False;False;False;False;False;False;False;False;2;Normal
PROC-2026-0010;False;Procedimento de Acompanhamento;3ª Promotoria de Justiça;Cidadania;Falta de Informação ao Cidadão;Petrópolis;2026-05-22;2026.0;5.0;2026-05;138.0;2026-09-13;6;24.0;16 a 30 dias;60;60.0;2026-07-21;-78.0;True;True;False;Vencido;Em Andamento;Gabinete;Normal;False;False;False;False;False;False;False;False;False;False;False;3;Atenção
PROC-2025-0068;False;Inquérito Civil;1ª Promotoria de Justiça;Cidadania;Atendimento Administrativo;Petrópolis;2025-07-17;2025.0;7.0;2025-07;447.0;2025-10-24;7;348.0;Mais de 60 dias;10;10.0;2025-07-27;-437.0;True;True;False;Vencido;Em Andamento;Secretaria Processual;Alta;False;False;False;False;False;False;False;False;False;False;False;7;Crítico
PROC-2025-0219;False;Procedimento de Acompanhamento;2ª Promotoria de Justiça;Educação;Falta de Vagas;Maricá;2025-02-25;2025.0;2.0;2025-02;589.0;2025-03-26;9;560.0;Mais de 60 dias;90;;;;False;False;False;Sem Prazo;Arquivado;Gabinete;Normal;False;False;False;False;True;False;False;False;False;False;True;2;Normal
PROC-2026-0176;False;Procedimento Preparatório;Promotoria de Meio Ambiente;Urbanismo;Obra Irregular;Itaboraí;2026-09-06;2026.0;9.0;2026-09;31.0;2026-09-08;11;29.0;16 a 30 dias;5;5.0;2026-09-11;-26.0;True;False;False;Vencido;Encerrado;Assessoria Jurídica;Normal;False;False;False;False;False;False;False;False;False;False;False;0;Normal
PROC-2025-0019;False;Notícia de Fato;Promotoria de Tutela Coletiva;Consumidor;Cobrança Indevida;Itaboraí;2025-09-04;2025.0;9.0;2025-09;398.0;2026-05-25;6;135.0;Mais de 60 dias;;10.0;2025-09-14;-388.0;True;True;False;Vencido;Em Andamento;Gabinete;Alta;False;False;False;False;False;True;False;False;False;False;True;7;Crítico
PROC-2025-0198;False;Procedimento Preparatório;Promotoria de Saúde;Saúde;Irregularidade em Unidade de Saúde;Nova Iguaçu;2025-03-30;2025.0;3.0;2025-03;556.0;2025-10-19;5;353.0;Mais de 60 dias;5;5.0;2025-04-04;-551.0;True;True;False;Vencido;Suspenso;Secretaria Processual;Normal;False;False;False;False;False;False;False;False;False;False;False;5;Atenção
PROC-2025-0067;False;Representação;Promotoria de Educação;Educação;Irregularidade em Escola Municipal;Duque de Caxias;2025-04-16;2025.0;4.0;2025-04;539.0;2025-06-16;4;478.0;Mais de 60 dias;45;45.0;2025-05-31;-494.0;True;True;False;Vencido;Em Andamento;Núcleo Técnico;Normal;False;False;False;False;False;False;False;False;False;False;False;5;Atenção
PROC-2025-0190;False;Procedimento de Acompanhamento;Promotoria de Meio Ambiente;Urbanismo;Obra Irregular;Itaboraí;2025-02-19;2025.0;2.0;2025-02;595.0;2025-06-05;12;489.0;Mais de 60 dias;120;120.0;2025-06-19;-475.0;True;False;False;Vencido;Encerrado;Assessoria Jurídica;Urgente;False;False;False;False;False;False;False;False;False;False;False;5;Atenção
PROC-2026-0097;False;Procedimento Preparatório;Promotoria de Tutela Coletiva;Direitos Humanos;Violação de Direitos;Niterói;;;;;;2026-03-02;6;219.0;Mais de 60 dias;30;;2026-02-10;-239.0;True;True;False;Vencido;Em Andamento;Central de Apoio;Normal;False;False;False;False;False;False;False;False;False;False;False;5;Atenção
PROC-2025-0211;False;Procedimento Preparatório;3ª Promotoria de Justiça;Direitos Humanos;Violação de Direitos;Volta Redonda;2025-10-27;2025.0;10.0;2025-10;345.0;2026-05-08;60;152.0;Mais de 60 dias;90;90.0;2026-01-25;-255.0;True;True;False;Vencido;Em Andamento;Assessoria Jurídica;Baixa;False;False;False;False;False;False;False;False;False;False;False;5;Atenção
PROC-2024-0128;False;Procedimento Preparatório;Promotoria de Tutela Coletiva;Meio Ambiente;Ocupação Irregular;Maricá;2024-12-19;2024.0;12.0;2024-12;657.0;2025-10-09;10;363.0;Mais de 60 dias;45;45.0;2025-02-02;-612.0;True;True;False;Vencido;Em Andamento;Núcleo Técnico;Baixa;False;False;False;False;False;False;False;False;False;False;False;5;Atenção
PROC-2025-0202;False;Inquérito Civil;Verificar Inconsistência da Base;Saúde;Irregularidade em Unidade de Saúde;Duque de Caxias;2025-08-28;2025.0;8.0;2025-08;405.0;2025-08-31;9;402.0;Mais de 60 dias;20;;;;False;False;False;Sem Prazo;Encerrado;Assessoria Jurídica;Urgente;False;False;False;False;True;False;False;False;True;False;True;5;Atenção
PROC-2024-0098;False;Procedimento Administrativo;3ª Promotoria de Justiça;Infância e Juventude;Acolhimento Institucional;Cabo Frio;2024-10-23;2024.0;10.0;2024-10;714.0;2025-03-12;5;574.0;Mais de 60 dias;60;60.0;2024-12-22;-654.0;True;True;False;Vencido;Aguardando Manifestação;Assessoria Jurídica;Alta;False;False;False;False;False;False;False;False;False;False;False;7;Crítico
PROC-2026-0017;False;Procedimento Preparatório;Promotoria de Tutela Coletiva;Direitos Humanos;Discriminação em Serviço;Itaboraí;2026-04-06;2026.0;4.0;2026-04;184.0;2026-06-24;7;105.0;Mais de 60 dias;;20.0;2026-04-26;-164.0;True;True;False;Vencido;Em Análise;Núcleo Técnico;Baixa;False;False;False;False;False;True;False;False;False;False;True;5;Atenção
PROC-2025-0046;False;Procedimento Preparatório;Promotoria de Tutela Coletiva;Consumidor;Cobrança em Duplicidade;Duque de Caxias;2025-11-29;2025.0;11.0;2025-11;312.0;2026-06-13;13;116.0;Mais de 60 dias;20;20.0;2025-12-19;-292.0;True;True;False;Vencido;Em Andamento;Setor Administrativo;Baixa;False;False;False;False;False;False;False;False;False;False;False;5;Atenção
PROC-2025-0155;False;Representação;Promotoria de Tutela Coletiva;Consumidor;Serviço Não Prestado;São Gonçalo;2025-06-04;2025.0;6.0;2025-06;490.0;2026-03-28;10;193.0;Mais de 60 dias;10;10.0;2025-06-14;-480.0;True;True;False;Vencido;Em Andamento;Central de Apoio;Normal;False;False;False;False;False;False;False;False;False;False;False;5;Atenção
PROC-2025-0112;False;Procedimento Preparatório;Promotoria de Tutela Coletiva;Direitos Humanos;Acesso a Serviço Público;Volta Redonda;2025-01-25;2025.0;1.0;2025-01;620.0;2025-09-25;9;377.0;Mais de 60 dias;10;10.0;2025-02-04;-610.0;True;False;False;Vencido;Arquivado;Núcleo Técnico;Normal;False;False;False;False;False;False;False;False;False;False;False;2;Normal
PROC-2025-0056;False;Procedimento Preparatório;3ª Promotoria de Justiça;Direitos Humanos;Violação de Direitos;Volta Redonda;2025-12-06;2025.0;12.0;2025-12;305.0;2026-01-16;9;264.0;Mais de 60 dias;;30.0;2026-01-05;-275.0;True;True;False;Vencido;Em Andamento;Assessoria Jurídica;Normal;False;False;False;False;False;True;False;False;False;False;True;5;Atenção
PROC-2024-0109;False;Notícia de Fato;Promotoria de Educação;Educação;Estrutura Escolar Inadequada;Cabo Frio;2024-10-22;2024.0;10.0;2024-10;715.0;2025-04-10;5;545.0;Mais de 60 dias;5;5.0;2024-10-27;-710.0;True;True;False;Vencido;Em Andamento;Central de Apoio;Normal;False;False;False;False;False;False;False;False;False;False;False;5;Atenção
PROC-2025-0197;False;Procedimento Administrativo;Promotoria de Educação;Educação;Falta de Vagas;Volta Redonda;2025-08-25;2025.0;8.0;2025-08;408.0;;6;;Sem Movimentação Registrada;30;30.0;2025-09-24;-378.0;True;True;False;Vencido;Aguardando Manifestação;Secretaria Processual;Alta;False;False;False;False;False;False;False;False;False;False;False;5;Atenção
PROC-2025-0074;False;Procedimento Preparatório;3ª Promotoria de Justiça;Cidadania;Acesso a Documento Público;Nova Iguaçu;2025-03-10;2025.0;3.0;2025-03;576.0;2025-10-05;4;367.0;Mais de 60 dias;5;5.0;2025-03-15;-571.0;True;True;False;Vencido;Em Andamento;Assessoria Jurídica;Alta;False;False;False;False;False;False;False;False;False;False;False;7;Crítico
PROC-2025-0110;False;Inquérito Civil;Promotoria de Educação;Educação;Transporte Escolar;São Gonçalo;2025-09-02;2025.0;9.0;2025-09;400.0;2025-09-03;11;399.0;Mais de 60 dias;;460.0;2026-12-06;60.0;False;False;False;Acima de 30 dias;Encerrado;Verificar Inconsistência da Base;Baixa;False;False;False;False;False;True;False;False;True;False;True;2;Normal
PROC-2025-0083;False;Verificar Inconsistência da Base;Promotoria de Meio Ambiente;Meio Ambiente;Verificar Inconsistência da Base;Volta Redonda;2025-06-03;2025.0;6.0;2025-06;491.0;2025-11-09;12;332.0;Mais de 60 dias;15;;;;False;False;False;Sem Prazo;Encerrado;Gabinete;Urgente;False;False;False;False;True;False;False;False;True;False;True;5;Atenção
PROC-2025-0139;False;Procedimento Administrativo;3ª Promotoria de Justiça;Direitos Humanos;Violação de Direitos;Petrópolis;2025-06-16;2025.0;6.0;2025-06;478.0;2025-12-03;45;308.0;Mais de 60 dias;15;15.0;2025-07-01;-463.0;True;True;False;Vencido;Em Andamento;Setor Administrativo;Alta;False;False;False;False;False;False;False;False;False;False;False;7;Crítico
PROC-2025-0142;False;Procedimento Administrativo;Promotoria de Meio Ambiente;Urbanismo;Ocupação Irregular;Niterói;2025-05-20;2025.0;5.0;2025-05;505.0;2025-08-07;5;426.0;Mais de 60 dias;15;15.0;2025-06-04;-490.0;True;False;False;Vencido;Encerrado;Central de Apoio;Alta;False;False;False;False;False;False;False;False;False;False;False;4;Atenção
PROC-2026-0102;False;Notícia de Fato;2ª Promotoria de Justiça;Patrimônio Público;Licitação Pública;Volta Redonda;2026-01-23;2026.0;1.0;2026-01;257.0;2026-02-28;7;221.0;Mais de 60 dias;;10.0;2026-02-02;-247.0;True;False;False;Vencido;Encerrado;Núcleo Técnico;Verificar Inconsistência da Base;False;False;False;False;False;True;False;False;True;False;True;2;Normal
PROC-2026-0087;False;Inquérito Civil;Promotoria de Meio Ambiente;Urbanismo;Ocupação Irregular;Volta Redonda;2026-01-01;2026.0;1.0;2026-01;279.0;2026-09-05;8;32.0;31 a 60 dias;120;;;;False;False;False;Sem Prazo;Aguardando Manifestação;Núcleo Técnico;Normal;False;False;False;False;True;False;False;False;False;False;True;0;Normal
PROC-2025-0194;False;Notícia de Fato;Promotoria de Defesa do Consumidor;Consumidor;Serviço Não Prestado;Volta Redonda;2025-12-27;2025.0;12.0;2025-12;284.0;2026-08-29;80;39.0;31 a 60 dias;30;339.0;2026-12-01;55.0;False;False;False;Acima de 30 dias;Encerrado;Central de Apoio;Alta;False;False;False;True;False;False;False;False;False;False;True;2;Normal
PROC-2026-0121;False;Notícia de Fato;3ª Promotoria de Justiça;Cidadania;Acesso a Documento Público;Nova Iguaçu;2026-06-16;2026.0;6.0;2026-06;113.0;2026-06-19;10;110.0;Mais de 60 dias;30;30.0;2026-07-16;-83.0;True;True;False;Vencido;Em Análise;Assessoria Jurídica;Baixa;False;False;False;False;False;False;False;False;False;False;False;5;Atenção
PROC-2026-0096;False;Procedimento Administrativo;Promotoria de Meio Ambiente;Urbanismo;Uso Irregular do Solo;Petrópolis;2026-08-25;2026.0;8.0;2026-08;43.0;2026-08-30;7;38.0;31 a 60 dias;120;-19.0;2026-08-06;-62.0;True;True;False;Vencido;Em Análise;Assessoria Jurídica;Verificar Inconsistência da Base;False;False;True;True;False;False;False;False;True;False;True;3;Atenção
PROC-2025-0080;False;Representação;1ª Promotoria de Justiça;Saúde;Fila para Atendimento;Volta Redonda;2025-11-26;2025.0;11.0;2025-11;315.0;2026-04-22;7;168.0;Mais de 60 dias;90;90.0;2026-02-24;-225.0;True;True;False;Vencido;Em Andamento;Secretaria Processual;Normal;False;False;False;False;False;False;False;False;False;False;False;5;Atenção
PROC-2026-0218;False;Notícia de Fato;3ª Promotoria de Justiça;Cidadania;Falta de Informação ao Cidadão;Maricá;2026-09-14;2026.0;9.0;2026-09;23.0;2026-09-17;10;20.0;16 a 30 dias;60;60.0;2026-11-13;37.0;False;False;False;Acima de 30 dias;Em Andamento;Central de Apoio;Normal;False;False;False;False;False;False;False;False;False;False;False;0;Normal
PROC-2024-0114;False;Procedimento Administrativo;Promotoria de Tutela Coletiva;Urbanismo;Obra Irregular;Nova Iguaçu;2024-12-22;2024.0;12.0;2024-12;654.0;2025-03-07;9;579.0;Mais de 60 dias;45;45.0;2025-02-05;-609.0;True;False;False;Vencido;Arquivado;Central de Apoio;Normal;False;False;False;False;False;False;False;False;False;False;False;2;Normal
PROC-2026-0141;False;Inquérito Civil;1ª Promotoria de Justiça;Cidadania;Acesso a Documento Público;Petrópolis;2026-07-24;2026.0;7.0;2026-07;75.0;2026-08-25;9;43.0;31 a 60 dias;60;;;;False;False;False;Sem Prazo;Em Andamento;Gabinete;Normal;False;False;False;False;True;False;False;False;False;False;True;0;Normal
PROC-2025-0123;False;Representação;Promotoria de Meio Ambiente;Urbanismo;Uso Irregular do Solo;Cabo Frio;2025-03-11;2025.0;3.0;2025-03;575.0;2025-08-17;3;416.0;Mais de 60 dias;45;45.0;2025-04-25;-530.0;True;False;False;Vencido;Arquivado;Secretaria Processual;Baixa;False;False;False;False;False;False;False;False;False;False;False;2;Normal
PROC-2025-0163;False;Representação;Promotoria de Meio Ambiente;Urbanismo;Obra Irregular;Petrópolis;2025-02-07;2025.0;2.0;2025-02;607.0;;8;;Sem Movimentação Registrada;;10.0;2025-02-17;-597.0;True;False;False;Vencido;Encerrado;Central de Apoio;Baixa;False;False;False;False;False;True;False;False;False;False;True;0;Normal
PROC-2026-0216;False;Inquérito Civil;1ª Promotoria de Justiça;Patrimônio Público;Verificar Inconsistência da Base;Volta Redonda;2026-06-05;2026.0;6.0;2026-06;124.0;2026-07-05;11;94.0;Mais de 60 dias;45;45.0;2026-07-20;-79.0;True;True;False;Vencido;Em Andamento;Assessoria Jurídica;Normal;False;False;False;False;False;False;False;False;True;False;True;5;Atenção
PROC-2025-0025;False;Procedimento de Acompanhamento;Verificar Inconsistência da Base;Cidadania;Acesso a Documento Público;Volta Redonda;2025-08-18;2025.0;8.0;2025-08;415.0;2025-09-12;5;390.0;Mais de 60 dias;5;497.0;2026-12-28;82.0;False;False;False;Acima de 30 dias;Arquivado;Central de Apoio;Baixa;False;False;False;True;False;False;False;False;True;False;True;2;Normal
PROC-2025-0186;False;Procedimento de Acompanhamento;Promotoria de Tutela Coletiva;Infância e Juventude;Proteção de Criança e Adolescente;Cabo Frio;2025-09-10;2025.0;9.0;2025-09;392.0;2026-05-28;6;132.0;Mais de 60 dias;120;120.0;2026-01-08;-272.0;True;True;False;Vencido;Em Andamento;Secretaria Processual;Verificar Inconsistência da Base;False;False;False;False;False;False;False;False;True;False;True;5;Atenção
PROC-2025-0138;False;Verificar Inconsistência da Base;1ª Promotoria de Justiça;Patrimônio Público;Uso Irregular de Recursos;Petrópolis;2025-11-01;2025.0;11.0;2025-11;340.0;2026-04-23;8;167.0;Mais de 60 dias;60;60.0;2025-12-31;-280.0;True;True;False;Vencido;Em Andamento;Secretaria Processual;Normal;False;False;False;False;False;False;False;False;True;False;True;5;Atenção
PROC-2025-0030;False;Representação;Promotoria de Meio Ambiente;Urbanismo;Construção sem Licença;Niterói;2025-08-06;2025.0;8.0;2025-08;427.0;2025-08-10;12;423.0;Mais de 60 dias;120;120.0;2025-12-04;-307.0;True;True;False;Vencido;Em Análise;Gabinete;Normal;False;False;False;False;False;False;False;False;False;False;False;5;Atenção
PROC-2026-0020;False;Procedimento Administrativo;Promotoria de Tutela Coletiva;Urbanismo;Ocupação Irregular;Maricá;;;;;;2026-03-17;11;204.0;Mais de 60 dias;60;;2026-03-29;-192.0;True;False;False;Vencido;Encerrado;Núcleo Técnico;Normal;False;False;False;False;False;False;False;False;False;False;False;2;Normal
PROC-2025-0070;False;Procedimento Administrativo;Promotoria de Meio Ambiente;Urbanismo;Acessibilidade Urbana;Itaboraí;2025-12-26;2025.0;12.0;2025-12;285.0;2026-03-30;7;191.0;Mais de 60 dias;45;45.0;2026-02-09;-240.0;True;True;False;Vencido;Em Andamento;Secretaria Processual;Normal;False;False;False;False;False;False;False;False;False;False;False;5;Atenção
PROC-2026-0206;False;Procedimento Administrativo;Promotoria de Defesa do Consumidor;Consumidor;Falha no Atendimento ao Consumidor;Rio de Janeiro;2026-01-01;2026.0;1.0;2026-01;279.0;2026-07-05;4;94.0;Mais de 60 dias;120;120.0;2026-05-01;-159.0;True;True;False;Vencido;Suspenso;Central de Apoio;Normal;False;False;False;False;False;False;False;False;False;False;False;5;Atenção
PROC-2025-0061;False;Representação;Promotoria de Tutela Coletiva;Direitos Humanos;Atendimento a Pessoa com Deficiência;São Gonçalo;2025-01-17;2025.0;1.0;2025-01;628.0;2025-07-21;15;443.0;Mais de 60 dias;60;60.0;2025-03-18;-568.0;True;False;False;Vencido;Encerrado;Setor Administrativo;Normal;False;False;False;False;False;False;False;False;False;False;False;2;Normal
PROC-2024-0069;False;Inquérito Civil;Verificar Inconsistência da Base;Saúde;Fila para Atendimento;Verificar Inconsistência da Base;2024-11-16;2024.0;11.0;2024-11;690.0;2025-08-26;4;407.0;Mais de 60 dias;;5.0;2024-11-21;-685.0;True;True;False;Vencido;Em Andamento;Secretaria Processual;Normal;False;False;False;False;False;True;False;False;True;False;True;5;Atenção
PROC-2026-0006;False;Inquérito Civil;Promotoria de Tutela Coletiva;Direitos Humanos;Violação de Direitos;Duque de Caxias;2026-01-08;2026.0;1.0;2026-01;272.0;2026-04-01;6;189.0;Mais de 60 dias;45;45.0;2026-02-22;-227.0;True;True;False;Vencido;Aguardando Manifestação;Setor Administrativo;Urgente;False;False;False;False;False;False;False;False;False;False;False;8;Crítico
PROC-2026-0140;False;Procedimento de Acompanhamento;Promotoria de Tutela Coletiva;Direitos Humanos;Discriminação em Serviço;Petrópolis;2026-06-02;2026.0;6.0;2026-06;127.0;2026-07-11;-1;88.0;Mais de 60 dias;10;10.0;2026-06-12;-117.0;True;True;False;Vencido;Suspenso;Setor Administrativo;Alta;False;False;False;False;False;False;True;False;False;False;True;7;Crítico
PROC-2025-0106;False;Inquérito Civil;2ª Promotoria de Justiça;Verificar Inconsistência da Base;Estrutura Escolar Inadequada;Cabo Frio;2025-02-16;2025.0;2.0;2025-02;598.0;2025-10-06;11;366.0;Mais de 60 dias;60;60.0;2025-04-17;-538.0;True;True;False;Vencido;Aguardando Manifestação;Gabinete;Alta;False;False;False;False;False;False;False;False;True;False;True;7;Crítico
PROC-2025-0157;False;Procedimento Preparatório;2ª Promotoria de Justiça;Educação;Irregularidade em Escola Municipal;Nova Iguaçu;2025-08-20;2025.0;8.0;2025-08;413.0;2026-05-10;9;150.0;Mais de 60 dias;30;30.0;2025-09-19;-383.0;True;True;False;Vencido;Em Andamento;Setor Administrativo;Normal;False;False;False;False;False;False;False;False;False;False;False;5;Atenção
PROC-2025-0177;False;Inquérito Civil;1ª Promotoria de Justiça;Patrimônio Público;Uso Irregular de Recursos;Petrópolis;2025-09-19;2025.0;9.0;2025-09;383.0;2025-11-24;11;317.0;Mais de 60 dias;60;60.0;2025-11-18;-323.0;True;True;False;Vencido;Em Andamento;Verificar Inconsistência da Base;Normal;False;False;False;False;False;False;False;False;True;False;True;5;Atenção
PROC-2025-0164;False;Procedimento Administrativo;Promotoria de Saúde;Saúde;Irregularidade em Unidade de Saúde;Volta Redonda;2025-10-15;2025.0;10.0;2025-10;357.0;2026-05-30;9;130.0;Mais de 60 dias;45;45.0;2025-11-29;-312.0;True;False;False;Vencido;Encerrado;Assessoria Jurídica;Normal;False;False;False;False;False;False;False;False;False;False;False;2;Normal
PROC-2026-0066;False;Procedimento Preparatório;2ª Promotoria de Justiça;Patrimônio Público;Irregularidade em Contratação;Petrópolis;2026-04-20;2026.0;4.0;2026-04;170.0;2026-07-17;9;82.0;Mais de 60 dias;120;120.0;2026-08-18;-50.0;True;True;False;Vencido;Aguardando Manifestação;Assessoria Jurídica;Normal;False;False;False;False;False;False;False;False;False;False;False;5;Atenção
PROC-2025-0113;False;Procedimento Administrativo;Promotoria de Tutela Coletiva;Meio Ambiente;Fornecimento de Água;Maricá;2025-08-05;2025.0;8.0;2025-08;428.0;2025-08-20;-1;413.0;Mais de 60 dias;90;90.0;2025-11-03;-338.0;True;False;False;Vencido;Encerrado;Verificar Inconsistência da Base;Normal;False;False;False;False;False;False;True;False;True;False;True;2;Normal
PROC-2026-0187;False;Representação;Promotoria de Defesa do Consumidor;Consumidor;Cobrança em Duplicidade;Cabo Frio;2026-05-21;2026.0;5.0;2026-05;139.0;2026-08-30;7;38.0;31 a 60 dias;30;30.0;2026-06-20;-109.0;True;False;False;Vencido;Encerrado;Setor Administrativo;Alta;False;False;False;False;False;False;False;False;False;False;False;2;Normal
PROC-2026-0156;False;Notícia de Fato;Promotoria de Saúde;Saúde;Irregularidade em Unidade de Saúde;Itaboraí;2026-09-13;2026.0;9.0;2026-09;24.0;2026-09-15;10;22.0;16 a 30 dias;90;90.0;2026-12-12;66.0;False;False;False;Acima de 30 dias;Em Andamento;Gabinete;Baixa;False;False;False;False;False;False;False;False;False;False;False;0;Normal
PROC-2025-0032;False;Representação;3ª Promotoria de Justiça;Cidadania;Acesso a Benefício;Nova Iguaçu;2025-06-15;2025.0;6.0;2025-06;479.0;2025-08-01;9;432.0;Mais de 60 dias;5;5.0;2025-06-20;-474.0;True;False;False;Vencido;Verificar Inconsistência da Base;Assessoria Jurídica;Alta;False;False;False;False;False;False;False;False;True;False;True;4;Atenção
PROC-2025-0013;False;Representação;Promotoria de Tutela Coletiva;Infância e Juventude;Convivência Familiar;Volta Redonda;2025-03-11;2025.0;3.0;2025-03;575.0;2025-03-12;2;574.0;Mais de 60 dias;90;;;;False;False;False;Sem Prazo;Aguardando Manifestação;Central de Apoio;Alta;False;False;False;False;True;False;False;False;False;False;True;4;Atenção
PROC-2024-0036;False;Procedimento Preparatório;Promotoria de Saúde;Saúde;Irregularidade em Unidade de Saúde;Nova Iguaçu;2024-10-26;2024.0;10.0;2024-10;711.0;2025-04-14;6;541.0;Mais de 60 dias;15;15.0;2024-11-10;-696.0;True;True;False;Vencido;Em Andamento;Setor Administrativo;Baixa;False;False;False;False;False;False;False;False;False;False;False;5;Atenção
PROC-2025-0029;False;Notícia de Fato;Promotoria de Tutela Coletiva;Consumidor;Falha no Atendimento ao Consumidor;Niterói;2025-05-07;2025.0;5.0;2025-05;518.0;2025-09-19;8;383.0;Mais de 60 dias;120;120.0;2025-09-04;-398.0;True;True;False;Vencido;Suspenso;Assessoria Jurídica;Normal;False;False;False;False;False;False;False;False;False;False;False;5;Atenção
PROC-2026-0043;False;Procedimento de Acompanhamento;Promotoria de Saúde;Saúde;Fornecimento de Insumos;Nova Iguaçu;2026-05-06;2026.0;5.0;2026-05;154.0;2026-08-17;9;51.0;31 a 60 dias;30;30.0;2026-06-05;-124.0;True;True;False;Vencido;Em Andamento;Núcleo Técnico;Verificar Inconsistência da Base;False;False;False;False;False;False;False;False;True;False;True;3;Atenção
PROC-2026-0085;False;Procedimento Preparatório;Promotoria de Tutela Coletiva;Urbanismo;Ocupação Irregular;Cabo Frio;2026-01-11;2026.0;1.0;2026-01;269.0;2026-02-17;11;232.0;Mais de 60 dias;120;120.0;2026-05-11;-149.0;True;False;False;Vencido;Encerrado;Gabinete;Alta;False;False;False;False;False;False;False;False;False;False;False;4;Atenção
PROC-2026-0105;False;Notícia de Fato;Promotoria de Tutela Coletiva;Urbanismo;Uso Irregular do Solo;Rio de Janeiro;2026-07-27;2026.0;7.0;2026-07;72.0;2026-08-03;10;65.0;Mais de 60 dias;60;60.0;2026-09-25;-12.0;True;True;False;Vencido;Em Andamento;Núcleo Técnico;Baixa;False;False;False;False;False;False;False;False;False;False;False;5;Atenção
PROC-2025-0151;False;Inquérito Civil;1ª Promotoria de Justiça;Cidadania;Acesso a Benefício;Rio de Janeiro;2025-01-22;2025.0;1.0;2025-01;623.0;2025-05-23;8;502.0;Mais de 60 dias;30;30.0;2025-02-21;-593.0;True;True;False;Vencido;Em Andamento;Setor Administrativo;Alta;False;False;False;False;False;False;False;False;False;False;False;7;Crítico
PROC-2025-0052;False;Inquérito Civil;Promotoria de Tutela Coletiva;Meio Ambiente;Fornecimento de Água;Maricá;2025-10-25;2025.0;10.0;2025-10;347.0;2025-10-28;9;344.0;Mais de 60 dias;90;90.0;2026-01-23;-257.0;True;True;False;Vencido;Suspenso;Verificar Inconsistência da Base;Normal;False;False;False;False;False;False;False;False;True;False;True;5;Atenção
PROC-2025-0125;False;Representação;Promotoria de Tutela Coletiva;Direitos Humanos;Acessibilidade Urbana;Rio de Janeiro;2025-07-18;2025.0;7.0;2025-07;446.0;2026-04-13;9;177.0;Mais de 60 dias;;;;;False;False;False;Sem Prazo;Em Andamento;Central de Apoio;Baixa;False;False;False;False;False;False;False;False;False;False;False;2;Normal
PROC-2025-0178;False;Procedimento Preparatório;2ª Promotoria de Justiça;Educação;Transporte Escolar;Duque de Caxias;2025-01-08;2025.0;1.0;2025-01;637.0;;8;;Sem Movimentação Registrada;5;-13.0;2024-12-26;-650.0;True;True;False;Vencido;Em Análise;Gabinete;Alta;False;False;True;True;False;False;False;False;False;False;True;5;Atenção
PROC-2026-0077;False;Procedimento Preparatório;3ª Promotoria de Justiça;Direitos Humanos;Violação de Direitos;Cabo Frio;2026-02-25;2026.0;2.0;2026-02;224.0;2026-02-17;6;232.0;Mais de 60 dias;120;120.0;2026-06-25;-104.0;True;True;False;Vencido;Em Andamento;Núcleo Técnico;Alta;False;True;False;False;False;False;False;False;False;False;True;7;Crítico
PROC-2025-0042;False;Notícia de Fato;3ª Promotoria de Justiça;Direitos Humanos;Violação de Direitos;Maricá;2025-11-17;2025.0;11.0;2025-11;324.0;2026-08-27;6;41.0;31 a 60 dias;30;30.0;2025-12-17;-294.0;True;False;False;Vencido;Arquivado;Núcleo Técnico;Normal;False;False;False;False;False;False;False;False;False;False;False;0;Normal
PROC-2026-0136;False;Procedimento Administrativo;2ª Promotoria de Justiça;Patrimônio Público;Prestação de Contas;Niterói;2026-01-31;2026.0;1.0;2026-01;249.0;2026-03-10;7;211.0;Mais de 60 dias;120;120.0;2026-05-31;-129.0;True;False;False;Vencido;Arquivado;Assessoria Jurídica;Urgente;False;False;False;False;False;False;False;False;False;False;False;5;Atenção
PROC-2025-0079;False;Procedimento Administrativo;Promotoria de Meio Ambiente;Urbanismo;Uso Irregular do Solo;Petrópolis;2025-04-04;2025.0;4.0;2025-04;551.0;2025-12-11;11;300.0;Mais de 60 dias;60;60.0;2025-06-03;-491.0;True;False;False;Vencido;Encerrado;Assessoria Jurídica;Verificar Inconsistência da Base;False;False;False;False;False;False;False;False;True;False;True;2;Normal
PROC-2025-0179;False;Procedimento Preparatório;2ª Promotoria de Justiça;Patrimônio Público;Contrato Administrativo;Nova Iguaçu;2025-03-13;2025.0;3.0;2025-03;573.0;2025-12-01;10;310.0;Mais de 60 dias;;90.0;2025-06-11;-483.0;True;False;False;Vencido;Verificar Inconsistência da Base;Secretaria Processual;Urgente;False;False;False;False;False;True;False;False;True;False;True;5;Atenção
PROC-2024-0027;False;Procedimento de Acompanhamento;Promotoria de Tutela Coletiva;Meio Ambiente;Fornecimento de Água;Nova Iguaçu;2024-12-23;2024.0;12.0;2024-12;653.0;2025-10-17;8;355.0;Mais de 60 dias;;60.0;2025-02-21;-593.0;True;True;False;Vencido;Em Andamento;Setor Administrativo;Normal;False;False;False;False;False;True;False;False;False;False;True;5;Atenção
PROC-2026-0147;False;Verificar Inconsistência da Base;1ª Promotoria de Justiça;Cidadania;Acesso a Documento Público;Nova Iguaçu;2026-03-13;2026.0;3.0;2026-03;208.0;2026-05-24;4;136.0;Mais de 60 dias;10;10.0;2026-03-23;-198.0;True;False;False;Vencido;Encerrado;Central de Apoio;Baixa;False;False;False;False;False;False;False;False;True;False;True;2;Normal
PROC-2024-0174;False;Procedimento Administrativo;Verificar Inconsistência da Base;Patrimônio Público;Verificar Inconsistência da Base;Duque de Caxias;2024-11-12;2024.0;11.0;2024-11;694.0;2024-12-23;9;653.0;Mais de 60 dias;5;5.0;2024-11-17;-689.0;True;True;False;Vencido;Aguardando Manifestação;Núcleo Técnico;Normal;False;False;False;False;False;False;False;False;True;False;True;5;Atenção
Verificar Inconsistência da Base;True;Procedimento Preparatório;1ª Promotoria de Justiça;Cidadania;Atendimento em Serviço Público;Duque de Caxias;2025-03-18;2025.0;3.0;2025-03;568.0;2025-12-09;10;302.0;Mais de 60 dias;;45.0;2025-05-02;-523.0;True;True;False;Vencido;Em Andamento;Núcleo Técnico;Baixa;True;False;False;False;False;True;False;False;False;False;True;5;Atenção
PROC-2025-0001;False;Notícia de Fato;Promotoria de Defesa do Consumidor;Consumidor;Cobrança Indevida;Volta Redonda;2025-07-09;2025.0;7.0;2025-07;455.0;2025-10-31;6;341.0;Mais de 60 dias;;510.0;2026-12-01;55.0;False;False;False;Acima de 30 dias;Encerrado;Verificar Inconsistência da Base;Baixa;False;False;False;False;False;True;False;False;True;False;True;2;Normal
PROC-2026-0003;False;Inquérito Civil;Promotoria de Meio Ambiente;Meio Ambiente;Poluição Sonora;Duque de Caxias;2026-09-15;2026.0;9.0;2026-09;22.0;2026-09-17;6;20.0;16 a 30 dias;60;60.0;2026-11-14;38.0;False;False;False;Acima de 30 dias;Arquivado;Assessoria Jurídica;Urgente;False;False;False;False;False;False;False;False;False;False;False;3;Atenção
PROC-2025-0078;False;Procedimento de Acompanhamento;3ª Promotoria de Justiça;Infância e Juventude;Maus-Tratos contra Menores;Nova Iguaçu;2025-01-02;2025.0;1.0;2025-01;643.0;2025-10-23;6;349.0;Mais de 60 dias;20;20.0;2025-01-22;-623.0;True;False;False;Vencido;Arquivado;Verificar Inconsistência da Base;Normal;False;False;False;False;False;False;False;False;True;False;True;2;Normal
PROC-2025-0047;False;Procedimento Preparatório;Promotoria de Defesa do Consumidor;Consumidor;Cobrança em Duplicidade;Volta Redonda;2025-05-13;2025.0;5.0;2025-05;512.0;2026-02-02;12;247.0;Mais de 60 dias;15;-5.0;2025-05-08;-517.0;True;True;False;Vencido;Em Andamento;Secretaria Processual;Normal;False;False;True;True;False;False;False;False;False;False;True;5;Atenção
PROC-2024-0154;False;Procedimento Administrativo;3ª Promotoria de Justiça;Cidadania;Atendimento Administrativo;Petrópolis;2024-10-21;2024.0;10.0;2024-10;716.0;2025-06-18;11;476.0;Mais de 60 dias;60;60.0;2024-12-20;-656.0;True;True;False;Vencido;Em Andamento;Secretaria Processual;Normal;False;False;False;False;False;False;False;False;False;False;False;5;Atenção
PROC-2025-0119;False;Procedimento Administrativo;3ª Promotoria de Justiça;Direitos Humanos;Acessibilidade Urbana;São Gonçalo;2025-07-22;2025.0;7.0;2025-07;442.0;2026-01-18;5;262.0;Mais de 60 dias;30;30.0;2025-08-21;-412.0;True;False;False;Vencido;Arquivado;Gabinete;Alta;False;False;False;False;False;False;False;False;False;False;False;4;Atenção
PROC-2026-0091;False;Inquérito Civil;Promotoria de Tutela Coletiva;Infância e Juventude;Acolhimento Institucional;Petrópolis;2026-07-01;2026.0;7.0;2026-07;98.0;2026-07-11;10;88.0;Mais de 60 dias;60;60.0;2026-08-30;-38.0;True;False;False;Vencido;Arquivado;Núcleo Técnico;Alta;False;False;False;False;False;False;False;False;False;False;False;4;Atenção
PROC-2025-0148;False;Procedimento Administrativo;Promotoria de Tutela Coletiva;Direitos Humanos;Acessibilidade Urbana;Verificar Inconsistência da Base;2025-05-16;2025.0;5.0;2025-05;509.0;2025-11-10;8;331.0;Mais de 60 dias;90;;;;False;False;False;Sem Prazo;Encerrado;Assessoria Jurídica;Normal;False;False;False;False;True;False;False;False;True;False;True;2;Normal
PROC-2025-0099;False;Procedimento de Acompanhamento;2ª Promotoria de Justiça;Educação;Estrutura Escolar Inadequada;São Gonçalo;2025-09-26;2025.0;9.0;2025-09;376.0;2026-01-01;9;279.0;Mais de 60 dias;;20.0;2025-10-16;-356.0;True;True;False;Vencido;Em Andamento;Setor Administrativo;Normal;False;False;False;False;False;True;False;False;False;False;True;5;Atenção
PROC-2025-0037;False;Inquérito Civil;Promotoria de Tutela Coletiva;Meio Ambiente;Ocupação Irregular;Verificar Inconsistência da Base;2025-05-16;2025.0;5.0;2025-05;509.0;2026-01-06;9;274.0;Mais de 60 dias;20;-14.0;2025-05-02;-523.0;True;True;False;Vencido;Em Andamento;Setor Administrativo;Normal;False;False;True;True;False;False;False;False;True;False;True;5;Atenção
PROC-2025-0126;False;Inquérito Civil;2ª Promotoria de Justiça;Educação;Falta de Vagas;Verificar Inconsistência da Base;2025-05-05;2025.0;5.0;2025-05;520.0;2025-09-12;9;390.0;Mais de 60 dias;15;15.0;2025-05-20;-505.0;True;True;False;Vencido;Em Andamento;Setor Administrativo;Normal;False;False;False;False;False;False;False;False;True;False;True;5;Atenção
PROC-2026-0062;False;Procedimento Preparatório;Promotoria de Tutela Coletiva;Infância e Juventude;Proteção de Criança e Adolescente;Petrópolis;2026-04-05;2026.0;4.0;2026-04;185.0;2026-08-02;8;66.0;Mais de 60 dias;90;90.0;2026-07-04;-95.0;True;True;False;Vencido;Suspenso;Secretaria Processual;Normal;False;False;False;False;False;False;False;False;False;False;False;5;Atenção
PROC-2026-0158;False;Procedimento Administrativo;2ª Promotoria de Justiça;Patrimônio Público;Licitação Pública;Maricá;2026-08-03;2026.0;8.0;2026-08;65.0;2026-07-18;6;81.0;Mais de 60 dias;45;45.0;2026-09-17;-20.0;True;True;False;Vencido;Em Análise;Setor Administrativo;Normal;False;True;False;False;False;False;False;False;False;False;True;5;Atenção
PROC-2025-0145;False;Notícia de Fato;2ª Promotoria de Justiça;Educação;Estrutura Escolar Inadequada;Cabo Frio;2025-06-02;2025.0;6.0;2025-06;492.0;2026-01-28;8;252.0;Mais de 60 dias;;;;;False;False;False;Sem Prazo;Arquivado;Núcleo Técnico;Urgente;False;False;False;False;False;False;False;False;False;False;False;5;Atenção
PROC-2025-0118;False;Procedimento de Acompanhamento;Promotoria de Tutela Coletiva;Consumidor;Serviço Não Prestado;Niterói;;;;;;2025-03-13;7;573.0;Mais de 60 dias;;;2025-06-11;-483.0;True;False;False;Vencido;Verificar Inconsistência da Base;Setor Administrativo;Urgente;False;False;False;False;False;True;False;False;True;False;True;5;Atenção
PROC-2025-0034;False;Procedimento Preparatório;1ª Promotoria de Justiça;Verificar Inconsistência da Base;Acesso a Documento Público;Rio de Janeiro;2025-10-14;2025.0;10.0;2025-10;358.0;2025-12-28;7;283.0;Mais de 60 dias;120;;;;False;False;False;Sem Prazo;Em Andamento;Verificar Inconsistência da Base;Alta;False;False;False;False;True;False;False;False;True;False;True;4;Atenção
PROC-2025-0012;False;Representação;Promotoria de Tutela Coletiva;Urbanismo;Construção sem Licença;Volta Redonda;2025-06-15;2025.0;6.0;2025-06;479.0;2025-06-20;12;474.0;Mais de 60 dias;120;;;;False;False;False;Sem Prazo;Aguardando Manifestação;Setor Administrativo;Normal;False;False;False;False;True;False;False;False;False;False;True;2;Normal
PROC-2024-0215;False;Notícia de Fato;Promotoria de Meio Ambiente;Meio Ambiente;Poluição Sonora;Rio de Janeiro;2024-11-15;2024.0;11.0;2024-11;691.0;2025-06-27;7;467.0;Mais de 60 dias;;60.0;2025-01-14;-631.0;True;False;False;Vencido;Verificar Inconsistência da Base;Assessoria Jurídica;Normal;False;False;False;False;False;True;False;False;True;False;True;2;Normal
PROC-2025-0184;False;Procedimento de Acompanhamento;1ª Promotoria de Justiça;Patrimônio Público;Contrato Administrativo;Rio de Janeiro;2025-04-22;2025.0;4.0;2025-04;533.0;2025-11-13;7;328.0;Mais de 60 dias;120;120.0;2025-08-20;-413.0;True;True;False;Vencido;Em Andamento;Setor Administrativo;Normal;False;False;False;False;False;False;False;False;False;False;False;5;Atenção
PROC-2026-0007;False;Representação;Promotoria de Defesa do Consumidor;Consumidor;Falha no Atendimento ao Consumidor;São Gonçalo;2026-07-13;2026.0;7.0;2026-07;86.0;2026-09-19;11;18.0;16 a 30 dias;15;15.0;2026-07-28;-71.0;True;False;False;Vencido;Encerrado;Assessoria Jurídica;Urgente;False;False;False;False;False;False;False;False;False;False;False;3;Atenção
PROC-2025-0028;False;Inquérito Civil;3ª Promotoria de Justiça;Infância e Juventude;Convivência Familiar;Rio de Janeiro;2025-02-12;2025.0;2.0;2025-02;602.0;2025-10-04;9;368.0;Mais de 60 dias;30;30.0;2025-03-14;-572.0;True;False;False;Vencido;Encerrado;Central de Apoio;Urgente;False;False;False;False;False;False;False;False;False;False;False;5;Atenção
PROC-2026-0137;False;Verificar Inconsistência da Base;Promotoria de Tutela Coletiva;Consumidor;Falha no Atendimento ao Consumidor;Itaboraí;2026-07-24;2026.0;7.0;2026-07;75.0;2026-07-26;9;73.0;Mais de 60 dias;;15.0;2026-08-08;-60.0;True;False;False;Vencido;Encerrado;Central de Apoio;Baixa;False;False;False;False;False;True;False;False;True;False;True;2;Normal
PROC-2026-0204;False;Representação;Promotoria de Saúde;Saúde;Irregularidade em Unidade de Saúde;Nova Iguaçu;2026-09-03;2026.0;9.0;2026-09;34.0;;4;;Sem Movimentação Registrada;;120.0;2027-01-01;86.0;False;False;False;Acima de 30 dias;Encerrado;Gabinete;Normal;False;False;False;False;False;True;False;False;False;False;True;0;Normal
PROC-2025-0005;False;Procedimento Administrativo;3ª Promotoria de Justiça;Infância e Juventude;Proteção de Criança e Adolescente;Nova Iguaçu;2025-10-06;2025.0;10.0;2025-10;366.0;2025-11-10;7;331.0;Mais de 60 dias;20;20.0;2025-10-26;-346.0;True;False;False;Vencido;Verificar Inconsistência da Base;Gabinete;Alta;False;False;False;False;False;False;False;False;True;False;True;4;Atenção
PROC-2025-0033;False;Procedimento de Acompanhamento;3ª Promotoria de Justiça;Verificar Inconsistência da Base;Evasão Escolar;Niterói;2025-12-27;2025.0;12.0;2025-12;284.0;2026-08-02;5;66.0;Mais de 60 dias;120;120.0;2026-04-26;-164.0;True;True;False;Vencido;Em Andamento;Setor Administrativo;Alta;False;False;False;False;False;False;False;False;True;False;True;7;Crítico
PROC-2025-0120;False;Procedimento de Acompanhamento;1ª Promotoria de Justiça;Patrimônio Público;Prestação de Contas;Maricá;2025-10-12;2025.0;10.0;2025-10;360.0;2026-03-03;7;218.0;Mais de 60 dias;10;10.0;2025-10-22;-350.0;True;True;False;Vencido;Suspenso;Central de Apoio;Normal;False;False;False;False;False;False;False;False;False;False;False;5;Atenção
PROC-2025-0160;False;Procedimento Administrativo;1ª Promotoria de Justiça;Saúde;Fornecimento de Insumos;Nova Iguaçu;2025-07-28;2025.0;7.0;2025-07;436.0;2025-09-18;9;384.0;Mais de 60 dias;45;45.0;2025-09-11;-391.0;True;True;False;Vencido;Em Andamento;Central de Apoio;Alta;False;False;False;False;False;False;False;False;False;False;False;7;Crítico
PROC-2026-0127;False;Procedimento de Acompanhamento;1ª Promotoria de Justiça;Saúde;Irregularidade em Unidade de Saúde;Niterói;2026-03-30;2026.0;3.0;2026-03;191.0;2026-08-05;9;63.0;Mais de 60 dias;;20.0;2026-04-19;-171.0;True;False;False;Vencido;Encerrado;Setor Administrativo;Baixa;False;False;False;False;False;True;False;False;False;False;True;2;Normal
PROC-2025-0159;False;Inquérito Civil;Promotoria de Tutela Coletiva;Direitos Humanos;Violação de Direitos;Niterói;2025-02-13;2025.0;2.0;2025-02;601.0;2025-12-20;5;291.0;Mais de 60 dias;90;146.0;2025-07-09;-455.0;True;True;False;Vencido;Aguardando Manifestação;Secretaria Processual;Normal;False;False;False;True;False;False;False;False;False;False;True;5;Atenção
PROC-2025-0011;False;Representação;Promotoria de Tutela Coletiva;Consumidor;Cobrança Indevida;Cabo Frio;2025-01-21;2025.0;1.0;2025-01;624.0;2025-04-12;50;543.0;Mais de 60 dias;15;15.0;2025-02-05;-609.0;True;True;False;Vencido;Em Andamento;Núcleo Técnico;Normal;False;False;False;False;False;False;False;False;False;False;False;5;Atenção
PROC-2026-0063;False;Procedimento Administrativo;Promotoria de Meio Ambiente;Urbanismo;Ocupação Irregular;Petrópolis;2026-01-19;2026.0;1.0;2026-01;261.0;2026-04-15;10;175.0;Mais de 60 dias;60;60.0;2026-03-20;-201.0;True;True;False;Vencido;Em Andamento;Gabinete;Normal;False;False;False;False;False;False;False;False;False;False;False;5;Atenção
PROC-2024-0165;False;Procedimento de Acompanhamento;2ª Promotoria de Justiça;Educação;Irregularidade em Escola Municipal;Volta Redonda;2024-10-27;2024.0;10.0;2024-10;710.0;2025-07-09;12;455.0;Mais de 60 dias;15;15.0;2024-11-11;-695.0;True;True;False;Vencido;Em Andamento;Assessoria Jurídica;Alta;False;False;False;False;False;False;False;False;False;False;False;7;Crítico
PROC-2026-0195;False;Procedimento Administrativo;Promotoria de Saúde;Saúde;Verificar Inconsistência da Base;Duque de Caxias;2026-06-23;2026.0;6.0;2026-06;106.0;2026-07-24;72;75.0;Mais de 60 dias;20;20.0;2026-07-13;-86.0;True;True;False;Vencido;Em Andamento;Núcleo Técnico;Normal;False;False;False;False;False;False;False;False;True;False;True;5;Atenção
PROC-2026-0182;False;Inquérito Civil;Promotoria de Tutela Coletiva;Direitos Humanos;Acessibilidade Urbana;Niterói;2026-05-07;2026.0;5.0;2026-05;153.0;2026-06-25;5;104.0;Mais de 60 dias;120;120.0;2026-09-04;-33.0;True;False;False;Vencido;Encerrado;Núcleo Técnico;Alta;False;False;False;False;False;False;False;False;False;False;False;4;Atenção
PROC-2026-0129;False;Procedimento Administrativo;2ª Promotoria de Justiça;Patrimônio Público;Contrato Administrativo;Niterói;2026-06-25;2026.0;6.0;2026-06;104.0;2026-08-10;6;58.0;31 a 60 dias;90;90.0;2026-09-23;-14.0;True;True;False;Vencido;Em Andamento;Central de Apoio;Normal;False;False;False;False;False;False;False;False;False;False;False;3;Atenção
PROC-2025-0199;False;Procedimento de Acompanhamento;Promotoria de Tutela Coletiva;Consumidor;Serviço Não Prestado;São Gonçalo;2025-07-19;2025.0;7.0;2025-07;445.0;2026-04-23;9;167.0;Mais de 60 dias;;90.0;2025-10-17;-355.0;True;True;False;Vencido;Suspenso;Núcleo Técnico;Normal;False;False;False;False;False;True;False;False;False;False;True;5;Atenção
PROC-2026-0168;False;Notícia de Fato;Promotoria de Saúde;Verificar Inconsistência da Base;Fila para Atendimento;Duque de Caxias;2026-03-05;2026.0;3.0;2026-03;216.0;2026-04-05;;185.0;Mais de 60 dias;20;211.0;2026-10-02;-5.0;True;False;False;Vencido;Arquivado;Secretaria Processual;Normal;False;False;False;True;False;False;False;False;True;False;True;2;Normal
PROC-2026-0071;False;Notícia de Fato;Promotoria de Tutela Coletiva;Verificar Inconsistência da Base;Falha no Atendimento ao Consumidor;Niterói;2026-07-07;2026.0;7.0;2026-07;92.0;2026-07-26;7;73.0;Mais de 60 dias;5;5.0;2026-07-12;-87.0;True;True;False;Vencido;Em Análise;Verificar Inconsistência da Base;Normal;False;False;False;False;False;False;False;False;True;False;True;5;Atenção
PROC-2025-0171;False;Procedimento de Acompanhamento;1ª Promotoria de Justiça;Cidadania;Atendimento Administrativo;Niterói;2025-04-05;2025.0;4.0;2025-04;550.0;2025-11-12;10;329.0;Mais de 60 dias;;15.0;2025-04-20;-535.0;True;False;False;Vencido;Encerrado;Assessoria Jurídica;Verificar Inconsistência da Base;False;False;False;False;False;True;False;False;True;False;True;2;Normal
PROC-2026-0065;False;Procedimento Administrativo;Promotoria de Educação;Educação;Problema em Matrícula;Nova Iguaçu;2026-07-24;2026.0;7.0;2026-07;75.0;2026-08-21;;47.0;31 a 60 dias;90;90.0;2026-10-22;15.0;False;False;True;De 8 a 30 dias;Em Andamento;Setor Administrativo;Normal;False;False;False;False;False;False;False;False;False;False;False;1;Normal
PROC-2025-0045;False;Notícia de Fato;1ª Promotoria de Justiça;Patrimônio Público;Licitação Pública;Rio de Janeiro;;;;;;2025-09-21;5;381.0;Mais de 60 dias;30;;2025-06-28;-466.0;True;True;False;Vencido;Em Andamento;Núcleo Técnico;Normal;False;False;False;False;False;False;False;False;False;False;False;5;Atenção
PROC-2024-0144;False;Representação;Promotoria de Saúde;Saúde;Irregularidade em Unidade de Saúde;Itaboraí;2024-11-14;2024.0;11.0;2024-11;692.0;2025-05-19;8;506.0;Mais de 60 dias;60;60.0;2025-01-13;-632.0;True;False;False;Vencido;Arquivado;Setor Administrativo;Alta;False;False;False;False;False;False;False;False;False;False;False;4;Atenção
PROC-2025-0041;False;Procedimento de Acompanhamento;2ª Promotoria de Justiça;Educação;Falta de Vagas;Niterói;2025-12-16;2025.0;12.0;2025-12;295.0;2026-06-03;8;126.0;Mais de 60 dias;10;10.0;2025-12-26;-285.0;True;False;False;Vencido;Verificar Inconsistência da Base;Verificar Inconsistência da Base;Normal;False;False;False;False;False;False;False;False;True;False;True;2;Normal
PROC-2025-0124;False;Procedimento Preparatório;Promotoria de Tutela Coletiva;Meio Ambiente;Descarte Irregular de Resíduos;Maricá;2025-07-06;2025.0;7.0;2025-07;458.0;2026-02-08;11;241.0;Mais de 60 dias;90;90.0;2025-10-04;-368.0;True;True;False;Vencido;Em Andamento;Central de Apoio;Baixa;False;False;False;False;False;False;False;False;False;False;False;5;Atenção
PROC-2025-0024;False;Procedimento Preparatório;Promotoria de Tutela Coletiva;Meio Ambiente;Ocupação Irregular;São Gonçalo;2025-06-29;2025.0;6.0;2025-06;465.0;;;;Sem Movimentação Registrada;;548.0;2026-12-29;83.0;False;False;False;Acima de 30 dias;Encerrado;Gabinete;Urgente;False;False;False;False;False;True;False;False;False;False;True;3;Atenção
PROC-2025-0166;False;Procedimento Administrativo;Promotoria de Educação;Educação;Estrutura Escolar Inadequada;Niterói;2025-07-20;2025.0;7.0;2025-07;444.0;2025-10-30;8;342.0;Mais de 60 dias;90;90.0;2025-10-18;-354.0;True;False;False;Vencido;Encerrado;Setor Administrativo;Normal;False;False;False;False;False;False;False;False;False;False;False;2;Normal
PROC-2026-0162;False;Procedimento de Acompanhamento;Promotoria de Meio Ambiente;Meio Ambiente;Descarte Irregular de Resíduos;Verificar Inconsistência da Base;2026-08-19;2026.0;8.0;2026-08;49.0;2026-09-11;5;26.0;16 a 30 dias;60;60.0;2026-10-18;11.0;False;False;True;De 8 a 30 dias;Em Andamento;Central de Apoio;Normal;False;False;False;False;False;False;False;False;True;False;True;1;Normal
PROC-2024-0082;False;Procedimento de Acompanhamento;Promotoria de Tutela Coletiva;Urbanismo;Acessibilidade Urbana;Nova Iguaçu;2024-11-22;2024.0;11.0;2024-11;684.0;2025-04-07;6;548.0;Mais de 60 dias;20;20.0;2024-12-12;-664.0;True;False;False;Vencido;Encerrado;Setor Administrativo;Normal;False;False;False;False;False;False;False;False;False;False;False;2;Normal
PROC-2025-0040;False;Procedimento Administrativo;3ª Promotoria de Justiça;Cidadania;Acesso a Documento Público;Rio de Janeiro;2025-10-30;2025.0;10.0;2025-10;342.0;2026-03-09;8;212.0;Mais de 60 dias;20;20.0;2025-11-19;-322.0;True;False;False;Vencido;Encerrado;Central de Apoio;Alta;False;False;False;False;False;False;False;False;False;False;False;4;Atenção
PROC-2026-0185;False;Procedimento de Acompanhamento;Promotoria de Tutela Coletiva;Urbanismo;Construção sem Licença;Petrópolis;2026-01-11;2026.0;1.0;2026-01;269.0;2026-06-15;0;114.0;Mais de 60 dias;15;15.0;2026-01-26;-254.0;True;True;False;Vencido;Em Análise;Assessoria Jurídica;Baixa;False;False;False;False;False;False;False;True;False;False;True;5;Atenção
PROC-2026-0048;False;Procedimento de Acompanhamento;Promotoria de Meio Ambiente;Urbanismo;Construção sem Licença;Volta Redonda;2026-04-26;2026.0;4.0;2026-04;164.0;2026-08-17;10;51.0;31 a 60 dias;45;45.0;2026-06-10;-119.0;True;False;False;Vencido;Encerrado;Gabinete;Alta;False;False;False;False;False;False;False;False;False;False;False;2;Normal
PROC-2026-0169;False;Procedimento Administrativo;2ª Promotoria de Justiça;Patrimônio Público;Irregularidade em Contratação;Maricá;2026-04-18;2026.0;4.0;2026-04;172.0;2026-05-10;6;150.0;Mais de 60 dias;15;15.0;2026-05-03;-157.0;True;True;False;Vencido;Em Análise;Setor Administrativo;Normal;False;False;False;False;False;False;False;False;False;False;False;5;Atenção
PROC-2025-0044;False;Verificar Inconsistência da Base;2ª Promotoria de Justiça;Patrimônio Público;Irregularidade em Contratação;São Gonçalo;2025-12-27;2025.0;12.0;2025-12;284.0;2026-04-15;3;175.0;Mais de 60 dias;90;90.0;2026-03-27;-194.0;True;False;False;Vencido;Arquivado;Assessoria Jurídica;Normal;False;False;False;False;False;False;False;False;True;False;True;2;Normal
PROC-2026-0146;False;Verificar Inconsistência da Base;3ª Promotoria de Justiça;Direitos Humanos;Acesso a Serviço Público;Nova Iguaçu;2026-03-25;2026.0;3.0;2026-03;196.0;2026-05-05;3;155.0;Mais de 60 dias;60;60.0;2026-05-24;-136.0;True;True;False;Vencido;Em Andamento;Núcleo Técnico;Alta;False;False;False;False;False;False;False;False;True;False;True;7;Crítico
PROC-2025-0153;False;Verificar Inconsistência da Base;2ª Promotoria de Justiça;Educação;Estrutura Escolar Inadequada;Niterói;2025-12-01;2025.0;12.0;2025-12;310.0;2026-01-13;7;267.0;Mais de 60 dias;15;-18.0;2025-11-13;-328.0;True;True;False;Vencido;Em Análise;Central de Apoio;Normal;False;False;True;True;False;False;False;False;True;False;True;5;Atenção
PROC-2025-0004;False;Procedimento Administrativo;Promotoria de Tutela Coletiva;Direitos Humanos;Acessibilidade Urbana;Volta Redonda;2025-10-03;2025.0;10.0;2025-10;369.0;2026-02-15;7;234.0;Mais de 60 dias;45;45.0;2025-11-17;-324.0;True;True;False;Vencido;Em Andamento;Núcleo Técnico;Baixa;False;False;False;False;False;False;False;False;False;False;False;5;Atenção
PROC-2026-0054;False;Procedimento de Acompanhamento;3ª Promotoria de Justiça;Direitos Humanos;Discriminação em Serviço;Maricá;2026-01-22;2026.0;1.0;2026-01;258.0;2026-06-30;4;99.0;Mais de 60 dias;15;15.0;2026-02-06;-243.0;True;False;False;Vencido;Arquivado;Setor Administrativo;Baixa;False;False;False;False;False;False;False;False;False;False;False;2;Normal
PROC-2026-0134;False;Inquérito Civil;Promotoria de Tutela Coletiva;Infância e Juventude;Convivência Familiar;Niterói;2026-01-06;2026.0;1.0;2026-01;274.0;2026-02-04;7;245.0;Mais de 60 dias;5;5.0;2026-01-11;-269.0;True;False;False;Vencido;Arquivado;Secretaria Processual;Normal;False;False;False;False;False;False;False;False;False;False;False;2;Normal
PROC-2025-0200;False;Representação;Promotoria de Defesa do Consumidor;Consumidor;Serviço Não Prestado;Rio de Janeiro;2025-03-16;2025.0;3.0;2025-03;570.0;2025-07-25;11;439.0;Mais de 60 dias;90;90.0;2025-06-14;-480.0;True;True;False;Vencido;Aguardando Manifestação;Assessoria Jurídica;Normal;False;False;False;False;False;False;False;False;False;False;False;5;Atenção
PROC-2025-0172;False;Verificar Inconsistência da Base;2ª Promotoria de Justiça;Patrimônio Público;Contrato Administrativo;Duque de Caxias;2025-09-20;2025.0;9.0;2025-09;382.0;2026-02-12;4;237.0;Mais de 60 dias;120;120.0;2026-01-18;-262.0;True;False;False;Vencido;Arquivado;Central de Apoio;Normal;False;False;False;False;False;False;False;False;True;False;True;2;Normal
PROC-2025-0205;False;Procedimento Preparatório;1ª Promotoria de Justiça;Saúde;Irregularidade em Unidade de Saúde;Volta Redonda;2025-03-06;2025.0;3.0;2025-03;580.0;2025-02-13;6;601.0;Mais de 60 dias;90;90.0;2025-06-04;-490.0;True;True;False;Vencido;Suspenso;Gabinete;Alta;False;True;False;False;False;False;False;False;False;False;True;7;Crítico
PROC-2025-0050;False;Procedimento Administrativo;Promotoria de Educação;Educação;Falta de Vagas;São Gonçalo;2025-09-09;2025.0;9.0;2025-09;393.0;2026-06-12;6;117.0;Mais de 60 dias;45;45.0;2025-10-24;-348.0;True;True;False;Vencido;Em Andamento;Setor Administrativo;Baixa;False;False;False;False;False;False;False;False;False;False;False;5;Atenção
PROC-2025-0081;False;Representação;2ª Promotoria de Justiça;Patrimônio Público;Licitação Pública;Maricá;2025-11-18;2025.0;11.0;2025-11;323.0;2025-11-18;6;323.0;Mais de 60 dias;;120.0;2026-03-18;-203.0;True;True;False;Vencido;Em Andamento;Central de Apoio;Normal;False;False;False;False;False;True;False;False;False;False;True;5;Atenção
PROC-2026-0035;False;Procedimento de Acompanhamento;Verificar Inconsistência da Base;Educação;Transporte Escolar;Cabo Frio;2026-08-14;2026.0;8.0;2026-08;54.0;2026-09-05;9;32.0;31 a 60 dias;10;10.0;2026-08-24;-44.0;True;True;False;Vencido;Aguardando Manifestação;Gabinete;Alta;False;False;False;False;False;False;False;False;True;False;True;5;Atenção
PROC-2026-0008;False;Notícia de Fato;1ª Promotoria de Justiça;Cidadania;Atendimento em Serviço Público;Petrópolis;2026-09-02;2026.0;9.0;2026-09;35.0;2026-09-03;4;34.0;31 a 60 dias;45;45.0;2026-10-17;10.0;False;False;True;De 8 a 30 dias;Encerrado;Secretaria Processual;Normal;False;False;False;False;False;False;False;False;False;False;False;1;Normal
PROC-2024-0111;False;Procedimento de Acompanhamento;Promotoria de Tutela Coletiva;Meio Ambiente;Poluição Sonora;Rio de Janeiro;2024-10-16;2024.0;10.0;2024-10;721.0;2025-02-14;6;600.0;Mais de 60 dias;45;45.0;2024-11-30;-676.0;True;True;False;Vencido;Em Andamento;Secretaria Processual;Baixa;False;False;False;False;False;False;False;False;False;False;False;5;Atenção
PROC-2024-0092;False;Notícia de Fato;Promotoria de Meio Ambiente;Meio Ambiente;Fornecimento de Água;Maricá;2024-12-10;2024.0;12.0;2024-12;666.0;2025-05-06;13;519.0;Mais de 60 dias;;20.0;2024-12-30;-646.0;True;True;False;Vencido;Em Análise;Setor Administrativo;Alta;False;False;False;False;False;True;False;False;False;False;True;7;Crítico
PROC-2025-0084;False;Representação;Promotoria de Tutela Coletiva;Consumidor;Cobrança em Duplicidade;Volta Redonda;2025-01-29;2025.0;1.0;2025-01;616.0;2025-10-11;7;361.0;Mais de 60 dias;;15.0;2025-02-13;-601.0;True;True;False;Vencido;Aguardando Manifestação;Núcleo Técnico;Alta;False;False;False;False;False;True;False;False;False;False;True;7;Crítico
PROC-2026-0196;False;Procedimento de Acompanhamento;Promotoria de Tutela Coletiva;Urbanismo;Obra Irregular;Maricá;2026-08-29;2026.0;8.0;2026-08;39.0;2026-08-29;8;39.0;31 a 60 dias;15;;;;False;False;False;Sem Prazo;Arquivado;Núcleo Técnico;Normal;False;False;False;False;True;False;False;False;False;False;True;0;Normal
PROC-2026-0201;False;Procedimento de Acompanhamento;2ª Promotoria de Justiça;Educação;Transporte Escolar;Niterói;2026-06-18;2026.0;6.0;2026-06;111.0;2026-08-11;7;57.0;31 a 60 dias;60;60.0;2026-08-17;-51.0;True;False;False;Vencido;Verificar Inconsistência da Base;Verificar Inconsistência da Base;Normal;False;False;False;False;False;False;False;False;True;False;True;0;Normal
PROC-2026-0090;False;Verificar Inconsistência da Base;Promotoria de Tutela Coletiva;Urbanismo;Obra Irregular;Maricá;2026-03-23;2026.0;3.0;2026-03;198.0;2026-03-26;0;195.0;Mais de 60 dias;90;90.0;2026-06-21;-108.0;True;True;False;Vencido;Suspenso;Gabinete;Baixa;False;False;False;False;False;False;False;True;True;False;True;5;Atenção
PROC-2026-0009;False;Representação;2ª Promotoria de Justiça;Patrimônio Público;Contrato Administrativo;São Gonçalo;2026-08-03;2026.0;8.0;2026-08;65.0;2026-08-28;8;40.0;31 a 60 dias;90;90.0;2026-11-01;25.0;False;False;True;De 8 a 30 dias;Em Andamento;Gabinete;Alta;False;False;False;False;False;False;False;False;False;False;False;3;Atenção
PROC-2026-0014;False;Inquérito Civil;3ª Promotoria de Justiça;Infância e Juventude;Proteção de Criança e Adolescente;Volta Redonda;2026-06-16;2026.0;6.0;2026-06;113.0;2026-07-05;8;94.0;Mais de 60 dias;20;20.0;2026-07-06;-93.0;True;True;False;Vencido;Em Análise;Central de Apoio;Verificar Inconsistência da Base;False;False;False;False;False;False;False;False;True;False;True;5;Atenção
PROC-2025-0060;False;Procedimento de Acompanhamento;Promotoria de Tutela Coletiva;Infância e Juventude;Proteção de Criança e Adolescente;Petrópolis;2025-02-01;2025.0;2.0;2025-02;613.0;2025-07-28;6;436.0;Mais de 60 dias;5;623.0;2026-10-17;10.0;False;False;True;De 8 a 30 dias;Encerrado;Setor Administrativo;Normal;False;False;False;True;False;False;False;False;False;False;True;3;Atenção
PROC-2026-0214;False;Notícia de Fato;Promotoria de Meio Ambiente;Meio Ambiente;Ocupação Irregular;Niterói;2026-06-22;2026.0;6.0;2026-06;107.0;2026-07-22;10;77.0;Mais de 60 dias;5;5.0;2026-06-27;-102.0;True;False;False;Vencido;Arquivado;Núcleo Técnico;Normal;False;False;False;False;False;False;False;False;False;False;False;2;Normal
PROC-2026-0132;False;Procedimento de Acompanhamento;Verificar Inconsistência da Base;Consumidor;Publicidade Enganosa;Cabo Frio;2026-07-06;2026.0;7.0;2026-07;93.0;;8;;Sem Movimentação Registrada;90;90.0;2026-10-04;-3.0;True;False;False;Vencido;Arquivado;Central de Apoio;Normal;False;False;False;False;False;False;False;False;True;False;True;0;Normal
PROC-2025-0018;False;Notícia de Fato;Promotoria de Educação;Educação;Irregularidade em Escola Municipal;Rio de Janeiro;2025-09-12;2025.0;9.0;2025-09;390.0;2026-06-22;8;107.0;Mais de 60 dias;5;5.0;2025-09-17;-385.0;True;False;False;Vencido;Arquivado;Setor Administrativo;Urgente;False;False;False;False;False;False;False;False;False;False;False;5;Atenção
PROC-2026-0167;False;Procedimento de Acompanhamento;Promotoria de Tutela Coletiva;Consumidor;Serviço Não Prestado;Nova Iguaçu;2026-08-15;2026.0;8.0;2026-08;53.0;2026-08-19;14;49.0;31 a 60 dias;45;45.0;2026-09-29;-8.0;True;True;False;Vencido;Suspenso;Verificar Inconsistência da Base;Verificar Inconsistência da Base;False;False;False;False;False;False;False;False;True;False;True;3;Atenção
PROC-2026-0073;False;Notícia de Fato;3ª Promotoria de Justiça;Direitos Humanos;Violação de Direitos;Nova Iguaçu;2026-05-06;2026.0;5.0;2026-05;154.0;2026-05-31;8;129.0;Mais de 60 dias;5;;;;False;False;False;Sem Prazo;Arquivado;Gabinete;Normal;False;False;False;False;True;False;False;False;False;False;True;2;Normal
PROC-2025-0193;False;Procedimento Preparatório;Verificar Inconsistência da Base;Infância e Juventude;Acolhimento Institucional;São Gonçalo;2025-02-02;2025.0;2.0;2025-02;612.0;2025-08-15;6;418.0;Mais de 60 dias;120;120.0;2025-06-02;-492.0;True;True;False;Vencido;Em Andamento;Assessoria Jurídica;Urgente;False;False;False;False;False;False;False;False;True;False;True;8;Crítico
PROC-2026-0135;False;Representação;1ª Promotoria de Justiça;Cidadania;Acesso a Benefício;Itaboraí;2026-01-17;2026.0;1.0;2026-01;263.0;2026-09-18;5;19.0;16 a 30 dias;120;120.0;2026-05-17;-143.0;True;True;False;Vencido;Em Análise;Central de Apoio;Normal;False;False;False;False;False;False;False;False;False;False;False;3;Atenção
PROC-2026-0183;False;Procedimento Administrativo;Promotoria de Tutela Coletiva;Infância e Juventude;Verificar Inconsistência da Base;Petrópolis;2026-08-28;2026.0;8.0;2026-08;40.0;2026-09-01;12;36.0;31 a 60 dias;10;10.0;2026-09-07;-30.0;True;True;False;Vencido;Aguardando Manifestação;Assessoria Jurídica;Normal;False;False;False;False;False;False;False;False;True;False;True;3;Atenção
PROC-2025-0209;False;Representação;Verificar Inconsistência da Base;Infância e Juventude;Maus-Tratos contra Menores;Cabo Frio;;;;;;2025-11-11;9;330.0;Mais de 60 dias;30;;2025-12-10;-301.0;True;True;False;Vencido;Em Andamento;Núcleo Técnico;Normal;False;False;False;False;False;False;False;False;True;False;True;5;Atenção
PROC-2025-0064;False;Procedimento Administrativo;3ª Promotoria de Justiça;Verificar Inconsistência da Base;Verificar Inconsistência da Base;Niterói;2025-07-14;2025.0;7.0;2025-07;450.0;2026-04-24;5;166.0;Mais de 60 dias;30;30.0;2025-08-13;-420.0;True;True;False;Vencido;Em Andamento;Núcleo Técnico;Normal;False;False;False;False;False;False;False;False;True;False;True;5;Atenção
PROC-2026-0055;False;Inquérito Civil;Promotoria de Tutela Coletiva;Direitos Humanos;Discriminação em Serviço;Petrópolis;2026-01-16;2026.0;1.0;2026-01;264.0;2026-01-28;0;252.0;Mais de 60 dias;;15.0;2026-01-31;-249.0;True;True;False;Vencido;Em Andamento;Assessoria Jurídica;Normal;False;False;False;False;False;True;False;True;False;False;True;5;Atenção
PROC-2026-0108;False;Procedimento Preparatório;Promotoria de Tutela Coletiva;Consumidor;Serviço Não Prestado;Duque de Caxias;2026-04-11;2026.0;4.0;2026-04;179.0;2026-04-26;4;164.0;Mais de 60 dias;45;-21.0;2026-03-21;-200.0;True;True;False;Vencido;Em Análise;Núcleo Técnico;Baixa;False;False;True;True;False;False;False;False;False;False;True;5;Atenção
PROC-2025-0051;False;Procedimento de Acompanhamento;2ª Promotoria de Justiça;Educação;Irregularidade em Escola Municipal;Maricá;2025-11-29;2025.0;11.0;2025-11;312.0;2026-05-17;5;143.0;Mais de 60 dias;60;60.0;2026-01-28;-252.0;True;True;False;Vencido;Em Andamento;Núcleo Técnico;Normal;False;False;False;False;False;False;False;False;False;False;False;5;Atenção
PROC-2026-0175;False;Representação;Promotoria de Tutela Coletiva;Meio Ambiente;Ocupação Irregular;Itaboraí;2026-07-05;2026.0;7.0;2026-07;94.0;2026-08-11;7;57.0;31 a 60 dias;120;;;;False;False;False;Sem Prazo;Em Andamento;Setor Administrativo;Normal;False;False;False;False;True;False;False;False;False;False;True;0;Normal
PROC-2025-0217;False;Procedimento Preparatório;1ª Promotoria de Justiça;Cidadania;Atendimento Administrativo;Petrópolis;;;;;;2026-01-07;7;273.0;Mais de 60 dias;60;;2025-05-28;-497.0;True;True;False;Vencido;Em Análise;Setor Administrativo;Normal;False;False;False;False;False;False;False;False;False;False;False;5;Atenção
PROC-2026-0170;False;Inquérito Civil;3ª Promotoria de Justiça;Direitos Humanos;Atendimento a Pessoa com Deficiência;Itaboraí;2026-05-12;2026.0;5.0;2026-05;148.0;2026-06-13;8;116.0;Mais de 60 dias;10;10.0;2026-05-22;-138.0;True;False;False;Vencido;Encerrado;Central de Apoio;Normal;False;False;False;False;False;False;False;False;False;False;False;2;Normal
PROC-2026-0059;False;Representação;3ª Promotoria de Justiça;Infância e Juventude;Proteção de Criança e Adolescente;Niterói;2026-08-25;2026.0;8.0;2026-08;43.0;2026-09-06;13;31.0;31 a 60 dias;;60.0;2026-10-24;17.0;False;False;True;De 8 a 30 dias;Em Andamento;Setor Administrativo;Normal;False;False;False;False;False;True;False;False;False;False;True;1;Normal
PROC-2025-0049;False;Procedimento de Acompanhamento;Promotoria de Meio Ambiente;Urbanismo;Acessibilidade Urbana;Duque de Caxias;2025-06-23;2025.0;6.0;2025-06;471.0;2025-11-11;7;330.0;Mais de 60 dias;20;20.0;2025-07-13;-451.0;True;True;False;Vencido;Em Andamento;Secretaria Processual;Alta;False;False;False;False;False;False;False;False;False;False;False;7;Crítico
PROC-2026-0089;False;Procedimento Administrativo;3ª Promotoria de Justiça;Direitos Humanos;Atendimento a Pessoa com Deficiência;Volta Redonda;2026-08-11;2026.0;8.0;2026-08;57.0;2026-09-11;9;26.0;16 a 30 dias;15;15.0;2026-08-26;-42.0;True;True;False;Vencido;Em Análise;Assessoria Jurídica;Alta;False;False;False;False;False;False;False;False;False;False;False;5;Atenção
PROC-2026-0022;False;Procedimento Administrativo;1ª Promotoria de Justiça;Saúde;Fila para Atendimento;Volta Redonda;2026-01-17;2026.0;1.0;2026-01;263.0;2026-01-09;8;271.0;Mais de 60 dias;;20.0;2026-02-06;-243.0;True;True;False;Vencido;Em Andamento;Setor Administrativo;Verificar Inconsistência da Base;False;True;False;False;False;True;False;False;True;False;True;5;Atenção
PROC-2026-0058;False;Notícia de Fato;Promotoria de Educação;Educação;Problema em Matrícula;São Gonçalo;2026-09-17;2026.0;9.0;2026-09;20.0;2026-09-19;8;18.0;16 a 30 dias;30;30.0;2026-10-17;10.0;False;False;True;De 8 a 30 dias;Em Análise;Secretaria Processual;Normal;False;False;False;False;False;False;False;False;False;False;False;1;Normal
PROC-2025-0161;False;Representação;1ª Promotoria de Justiça;Saúde;Irregularidade em Unidade de Saúde;Verificar Inconsistência da Base;2025-09-25;2025.0;9.0;2025-09;377.0;2025-10-16;0;356.0;Mais de 60 dias;90;;;;False;False;False;Sem Prazo;Em Análise;Assessoria Jurídica;Verificar Inconsistência da Base;False;False;False;False;True;False;False;True;True;False;True;2;Normal
PROC-2025-0213;False;Inquérito Civil;1ª Promotoria de Justiça;Cidadania;Verificar Inconsistência da Base;Nova Iguaçu;2025-05-24;2025.0;5.0;2025-05;501.0;2026-01-14;5;266.0;Mais de 60 dias;20;;;;False;False;False;Sem Prazo;Em Andamento;Setor Administrativo;Alta;False;False;False;False;True;False;False;False;True;False;True;4;Atenção
PROC-2026-0188;False;Procedimento de Acompanhamento;2ª Promotoria de Justiça;Educação;Irregularidade em Escola Municipal;São Gonçalo;2026-05-21;2026.0;5.0;2026-05;139.0;2026-06-11;12;118.0;Mais de 60 dias;;90.0;2026-08-19;-49.0;True;True;False;Vencido;Em Andamento;Gabinete;Baixa;False;False;False;False;False;True;False;False;False;False;True;5;Atenção
PROC-2025-0192;False;Representação;Promotoria de Tutela Coletiva;Infância e Juventude;Evasão Escolar;Petrópolis;2025-08-01;2025.0;8.0;2025-08;432.0;;0;;Sem Movimentação Registrada;30;30.0;2025-08-31;-402.0;True;False;False;Vencido;Encerrado;Central de Apoio;Urgente;False;False;False;False;False;False;False;False;False;False;False;3;Atenção
PROC-2025-0130;False;Inquérito Civil;Promotoria de Defesa do Consumidor;Consumidor;Cobrança em Duplicidade;Niterói;2025-08-14;2025.0;8.0;2025-08;419.0;2025-12-05;10;306.0;Mais de 60 dias;45;45.0;2025-09-28;-374.0;True;False;False;Vencido;Encerrado;Secretaria Processual;Normal;False;False;False;False;False;False;False;False;False;False;False;2;Normal
PROC-2024-0038;False;Representação;2ª Promotoria de Justiça;Verificar Inconsistência da Base;Uso Irregular de Recursos;Volta Redonda;2024-12-11;2024.0;12.0;2024-12;665.0;2025-06-08;5;486.0;Mais de 60 dias;30;30.0;2025-01-10;-635.0;True;True;False;Vencido;Em Andamento;Secretaria Processual;Baixa;False;False;False;False;False;False;False;False;True;False;True;5;Atenção
PROC-2024-0208;False;Procedimento de Acompanhamento;3ª Promotoria de Justiça;Cidadania;Acesso a Benefício;Itaboraí;2024-11-26;2024.0;11.0;2024-11;680.0;2025-02-01;10;613.0;Mais de 60 dias;90;90.0;2025-02-24;-590.0;True;False;False;Vencido;Arquivado;Central de Apoio;Normal;False;False;False;False;False;False;False;False;False;False;False;2;Normal
PROC-2025-0002;False;Procedimento de Acompanhamento;Promotoria de Defesa do Consumidor;Consumidor;Publicidade Enganosa;Volta Redonda;2025-05-27;2025.0;5.0;2025-05;498.0;2025-06-09;7;485.0;Mais de 60 dias;120;120.0;2025-09-24;-378.0;True;False;False;Vencido;Encerrado;Núcleo Técnico;Normal;False;False;False;False;False;False;False;False;False;False;False;2;Normal
PROC-2025-0053;False;Inquérito Civil;3ª Promotoria de Justiça;Cidadania;Atendimento Administrativo;Itaboraí;2025-05-14;2025.0;5.0;2025-05;511.0;2025-09-03;6;399.0;Mais de 60 dias;90;90.0;2025-08-12;-421.0;True;True;False;Vencido;Em Andamento;Assessoria Jurídica;Normal;False;False;False;False;False;False;False;False;False;False;False;5;Atenção
PROC-2026-0150;False;Procedimento Administrativo;Promotoria de Tutela Coletiva;Urbanismo;Ocupação Irregular;Rio de Janeiro;2026-01-24;2026.0;1.0;2026-01;256.0;2026-06-30;8;99.0;Mais de 60 dias;90;90.0;2026-04-24;-166.0;True;True;False;Vencido;Em Andamento;Gabinete;Normal;False;False;False;False;False;False;False;False;False;False;False;5;Atenção
PROC-2025-0131;False;Procedimento Administrativo;Promotoria de Educação;Educação;Falta de Vagas;Nova Iguaçu;2025-09-25;2025.0;9.0;2025-09;377.0;2026-01-23;14;257.0;Mais de 60 dias;15;-6.0;2025-09-19;-383.0;True;True;False;Vencido;Em Andamento;Central de Apoio;Baixa;False;False;True;True;False;False;False;False;False;False;True;5;Atenção
PROC-2025-0152;False;Procedimento Administrativo;Promotoria de Tutela Coletiva;Urbanismo;Obra Irregular;São Gonçalo;2025-01-22;2025.0;1.0;2025-01;623.0;2025-01-02;9;643.0;Mais de 60 dias;90;90.0;2025-04-22;-533.0;True;True;False;Vencido;Em Andamento;Secretaria Processual;Normal;False;True;False;False;False;False;False;False;False;False;True;5;Atenção
PROC-2024-0100;False;Procedimento Administrativo;Promotoria de Tutela Coletiva;Infância e Juventude;Convivência Familiar;Petrópolis;2024-11-04;2024.0;11.0;2024-11;702.0;2025-01-10;6;635.0;Mais de 60 dias;45;-16.0;2024-10-19;-718.0;True;True;False;Vencido;Aguardando Manifestação;Gabinete;Normal;False;False;True;True;False;False;False;False;False;False;True;5;Atenção
PROC-2026-0117;False;Notícia de Fato;Promotoria de Tutela Coletiva;Direitos Humanos;Violação de Direitos;Niterói;2026-08-13;2026.0;8.0;2026-08;55.0;;11;;Sem Movimentação Registrada;30;30.0;2026-09-12;-25.0;True;True;False;Vencido;Em Andamento;Verificar Inconsistência da Base;Baixa;False;False;False;False;False;False;False;False;True;False;True;3;Atenção
PROC-2026-0088;False;Procedimento Preparatório;1ª Promotoria de Justiça;Patrimônio Público;Contrato Administrativo;Maricá;2026-09-15;2026.0;9.0;2026-09;22.0;2026-09-19;7;18.0;16 a 30 dias;20;;;;False;False;False;Sem Prazo;Em Andamento;Setor Administrativo;Normal;False;False;False;False;True;False;False;False;False;False;True;0;Normal
PROC-2026-0203;False;Representação;Promotoria de Tutela Coletiva;Infância e Juventude;Proteção de Criança e Adolescente;Duque de Caxias;2026-05-10;2026.0;5.0;2026-05;150.0;2026-07-15;4;84.0;Mais de 60 dias;5;5.0;2026-05-15;-145.0;True;True;False;Vencido;Em Andamento;Secretaria Processual;Normal;False;False;False;False;False;False;False;False;False;False;False;5;Atenção
PROC-2026-0075;False;Verificar Inconsistência da Base;Promotoria de Tutela Coletiva;Urbanismo;Obra Irregular;Maricá;2026-09-04;2026.0;9.0;2026-09;33.0;2026-09-12;8;25.0;16 a 30 dias;20;20.0;2026-09-24;-13.0;True;True;False;Vencido;Em Andamento;Gabinete;Normal;False;False;False;False;False;False;False;False;True;False;True;3;Atenção
PROC-2026-0122;False;Notícia de Fato;Promotoria de Saúde;Saúde;Fornecimento de Insumos;Niterói;2026-08-05;2026.0;8.0;2026-08;63.0;2026-08-09;10;59.0;31 a 60 dias;60;60.0;2026-10-04;-3.0;True;True;False;Vencido;Aguardando Manifestação;Gabinete;Normal;False;False;False;False;False;False;False;False;False;False;False;3;Atenção
PROC-2025-0220;False;Inquérito Civil;Verificar Inconsistência da Base;Infância e Juventude;Evasão Escolar;Volta Redonda;2025-09-04;2025.0;9.0;2025-09;398.0;2026-04-22;12;168.0;Mais de 60 dias;10;10.0;2025-09-14;-388.0;True;False;False;Vencido;Verificar Inconsistência da Base;Gabinete;Baixa;False;False;False;False;False;False;False;False;True;False;True;2;Normal
PROC-2024-0021;False;Procedimento Administrativo;Promotoria de Meio Ambiente;Meio Ambiente;Descarte Irregular de Resíduos;Duque de Caxias;2024-12-02;2024.0;12.0;2024-12;674.0;2025-05-24;6;501.0;Mais de 60 dias;60;60.0;2025-01-31;-614.0;True;True;False;Vencido;Em Andamento;Núcleo Técnico;Baixa;False;False;False;False;False;False;False;False;False;False;False;5;Atenção
PROC-2024-0189;False;Procedimento Preparatório;Promotoria de Defesa do Consumidor;Consumidor;Publicidade Enganosa;Maricá;2024-10-20;2024.0;10.0;2024-10;717.0;2025-03-29;8;557.0;Mais de 60 dias;90;90.0;2025-01-18;-627.0;True;True;False;Vencido;Aguardando Manifestação;Núcleo Técnico;Normal;False;False;False;False;False;False;False;False;False;False;False;5;Atenção
PROC-2026-0072;False;Verificar Inconsistência da Base;Promotoria de Tutela Coletiva;Direitos Humanos;Acesso a Serviço Público;Itaboraí;2026-06-03;2026.0;6.0;2026-06;126.0;;7;;Sem Movimentação Registrada;20;20.0;2026-06-23;-106.0;True;True;False;Vencido;Em Análise;Assessoria Jurídica;Alta;False;False;False;False;False;False;False;False;True;False;True;5;Atenção
PROC-2026-0107;False;Procedimento Administrativo;Promotoria de Tutela Coletiva;Consumidor;Cobrança em Duplicidade;Duque de Caxias;;;;;;2026-07-28;8;71.0;Mais de 60 dias;60;;2026-08-22;-46.0;True;False;False;Vencido;Encerrado;Gabinete;Alta;False;False;False;False;False;False;False;False;False;False;False;4;Atenção
PROC-2024-0015;False;Inquérito Civil;1ª Promotoria de Justiça;Patrimônio Público;Irregularidade em Contratação;Rio de Janeiro;2024-10-20;2024.0;10.0;2024-10;717.0;2025-04-23;12;532.0;Mais de 60 dias;10;10.0;2024-10-30;-707.0;True;True;False;Vencido;Em Andamento;Central de Apoio;Urgente;False;False;False;False;False;False;False;False;False;False;False;8;Crítico
PROC-2025-0093;False;Procedimento Administrativo;Promotoria de Tutela Coletiva;Consumidor;Cobrança em Duplicidade;Rio de Janeiro;2025-03-20;2025.0;3.0;2025-03;566.0;2025-04-03;;552.0;Mais de 60 dias;30;30.0;2025-04-19;-536.0;True;True;False;Vencido;Em Andamento;Assessoria Jurídica;Normal;False;False;False;False;False;False;False;False;False;False;False;5;Atenção
PROC-2025-0180;False;Inquérito Civil;1ª Promotoria de Justiça;Verificar Inconsistência da Base;Acesso a Benefício;Rio de Janeiro;2025-06-04;2025.0;6.0;2025-06;490.0;2026-03-29;8;192.0;Mais de 60 dias;20;20.0;2025-06-24;-470.0;True;True;False;Vencido;Em Andamento;Central de Apoio;Verificar Inconsistência da Base;False;False;False;False;False;False;False;False;True;False;True;5;Atenção
PROC-2026-0103;False;Representação;3ª Promotoria de Justiça;Cidadania;Acesso a Documento Público;Cabo Frio;2026-01-09;2026.0;1.0;2026-01;271.0;2026-06-30;6;99.0;Mais de 60 dias;45;45.0;2026-02-23;-226.0;True;False;False;Vencido;Encerrado;Setor Administrativo;Urgente;False;False;False;False;False;False;False;False;False;False;False;5;Atenção
